id,name,size,GDP_per_capita,population,industry_percentage,GDP
1,Atlantis,50,400,1390,30,556171.230334218
2,Omashu,20,350,1347,25,471792.894053352
3,Hogsmeade,10,450,1310,20,589741.117566691
4,The_Court_of_Miracles,5,300,2621,15,786321.490088921
5,Lilipoupoli,2,250,2761,10,690450.779264107
