,id,size,GDP_per_capita,population,industry_percentage,GDP
count,5.0,5.0,5.0,5.0,5.0,5.0
mean,3.0,17.4,350.0,37000000.0,20.0,14150000000.0
std,1.5811388300841898,19.46278500112458,79.05694150420949,39306488.01406709,7.905694150420948,15785277951.3064
min,1.0,2.0,250.0,5000000.0,10.0,1250000000.0
25%,2.0,5.0,300.0,10000000.0,15.0,3000000000.0
50%,3.0,10.0,350.0,20000000.0,20.0,9000000000.0
75%,4.0,20.0,400.0,50000000.0,25.0,17500000000.0
max,5.0,50.0,450.0,100000000.0,30.0,40000000000.0
