,id,size,GDP_per_capita,industry_percentage
count,5.0,5.0,5.0,5.0
mean,3.0,17.4,350.0,20.0
std,1.5811388300841898,19.46278500112458,79.05694150420949,7.905694150420948
min,1.0,2.0,250.0,10.0
25%,2.0,5.0,300.0,15.0
50%,3.0,10.0,350.0,20.0
75%,4.0,20.0,400.0,25.0
max,5.0,50.0,450.0,30.0
